,id,msg_timestamp,img_url,user_msg,bot_msg,sum_msg,date,runtime,feedback,user_id
0,1,1708918919467,https://www.kone.sg/Images/Marina%20Bay%20Sands_1440x670_tcm95-41518.jpg,Describe this image.,"The image showcases a modern city skyline with several tall buildings, including a large white structure in the center of the scene. The buildings are situated near a body of water, possibly a river or a lake, which is visible in the background.  There are several people scattered throughout the scene, some closer to the buildings and others further away. Some of the people are standing near the water's edge, while others can be seen walking along the street or sitting on benches. A few cars are also visible in the scene, parked near the buildings or driving along the road. Additionally, there is a boat floating in the water, adding to the scenic view of the city.","The image showcases a modern city skyline with several tall buildings, including a large white structure in the center of the scene. The buildings are situated near a body of water, possibly a river or a lake, which is visible in the background. There are several people scattered throughout the scene, some closer to the buildings and others further away.",2024-02-26 03:42:25.000000,25.21458959579468,like,1
1,2,1708918948293,https://www.kone.sg/Images/Marina%20Bay%20Sands_1440x670_tcm95-41518.jpg,What is the name of the city that you are describing?,singapore,singapore,2024-02-26 03:42:29.000000,0.9640283584594728,like,1
2,3,1708918962453,https://www.kone.sg/Images/Marina%20Bay%20Sands_1440x670_tcm95-41518.jpg,What is the name of the building complex that consists of three towers and a horizontal structure on top?,Marina Bay Sands,Marina Bay Sands,2024-02-26 03:42:43.000000,1.0783143043518066,like,1
3,4,1708918969676,https://www.kone.sg/Images/Marina%20Bay%20Sands_1440x670_tcm95-41518.jpg,What is the name of the horizontal structure that connects them?,Bridge,Bridge,2024-02-26 03:42:50.000000,0.8093385696411133,dislike,1
4,5,1708918975508,https://www.kone.sg/Images/Marina%20Bay%20Sands_1440x670_tcm95-41518.jpg,What is the height of the sky park and how much does it weigh?,"The Marina Bay Sands SkyPark is approximately 200 meters (656 feet) high, making it one of the highest observation decks in the world. Its weight is estimated to be around 34,000 metric tons, which is a significant amount of weight for a structure of this height. The Marina Bay Sands SkyPark is an impressive architectural feat and a popular tourist attraction in Singapore, offering visitors breathtaking views of the city skyline and surrounding waters.","The Marina Bay Sands SkyPark is approximately 200 meters (656 feet) high. Its weight is estimated to be around 34,000 metric tons, which is a significant amount of weight for a structure of this height. The SkyPark offers visitors breathtaking views of the city skyline and surrounding waters.",2024-02-26 03:43:10.000000,14.704391717910768,like,1
5,6,1708919030758,https://www.kone.sg/Images/Marina%20Bay%20Sands_1440x670_tcm95-41518.jpg,What is the length and width of the horizontal structure that connects them?,The length and width of the horizontal structure that connects the two buildings is not specified in the image.,The length and width of the horizontal structure that connects the two buildings is not specified in the image. It is not known how long the structure will be when it is completed. The building will be completed by the end of the year. It will be built on the site of a former church.,2024-02-26 03:43:58.000000,7.512900352478027,dislike,1
6,7,1708919047696,https://www.kone.sg/Images/Marina%20Bay%20Sands_1440x670_tcm95-41518.jpg,What can visitors do there?,"Visitors can explore the Marina Bay Sands complex and its various amenities, such as shopping, dining, entertainment, and hotel accommodations. They can also take a stroll along the promenade and enjoy the scenic views of the Singapore skyline and the waterfront. Additionally, visitors can attend events and concerts at the Marina Bay Sands Event Plaza or participate in outdoor activities such as kayaking or boating on the water. The Marina Bay Sands complex offers a diverse range of experiences for visitors to enjoy, making it a popular destination for both locals and tourists alike.","Visitors can explore the Marina Bay Sands complex and its various amenities, such as shopping, dining, entertainment, and hotel accommodations. They can also take a stroll along the promenade and enjoy the scenic views of the Singapore skyline and the waterfront. Visitors can attend events and concerts at the MarinaBay Sands Event Plaza or participate in outdoor activities such as kayaking or boating on the water.",2024-02-26 03:44:25.000000,17.98455548286438,like,1
7,8,1708919070993,https://www.kone.sg/Images/Marina%20Bay%20Sands_1440x670_tcm95-41518.jpg,What is the name of the lotus flower-shaped building that is located next to them?,The lotus flower-shaped building is called the Marina Bay Sands.,The lotus flower-shaped building is called the Marina Bay Sands.,2024-02-26 03:44:33.000000,2.140897274017334,dislike,1
8,9,1708919080137,https://www.kone.sg/Images/Marina%20Bay%20Sands_1440x670_tcm95-41518.jpg,What is the architectural inspiration behind the design of the ArtScience Museum?,"The architectural inspiration behind the design of the ArtScience Museum in Singapore is a combination of modern and futuristic elements. The building's unique shape, resembling a lotus flower, is inspired by traditional Asian art and culture. The lotus flower symbolizes purity, creativity, and spiritual enlightenment in many Asian cultures. This symbolism is reflected in the museum's exhibits, which showcase the intersections between art and science. Additionally, the building's sleek, modern design reflects the city's commitment to innovation and technological advancements. The combination of traditional and modern elements creates a visually striking and memorable structure that serves as an iconic landmark in Singapore's skyline.","The ArtScience Museum in Singapore is a combination of modern and futuristic elements. The building's unique shape, resembling a lotus flower, is inspired by traditional Asian art and culture. The combination of traditional and modern elements creates a visually striking and memorable structure that serves as an iconic landmark in Singapore's skyline.",2024-02-26 03:44:59.000000,19.553425550460812,like,1
9,10,1708919118954,https://www.kone.sg/Images/Marina%20Bay%20Sands_1440x670_tcm95-41518.jpg,Who is the architect who designed it?,I. M. Pei,I. M. Pei,2024-02-26 03:45:20.000000,1.3461010456085205,dislike,1
10,11,1708919148788,https://www.kone.sg/Images/Marina%20Bay%20Sands_1440x670_tcm95-41518.jpg,What are some of the distinctive features of his architectural style?,"Some of the distinctive features of the architectural style in the image are the large, modern buildings with unique shapes and designs. These buildings stand out due to their size, shape, and color, which create a striking contrast against the blue sky and water. The buildings appear to be part of a cityscape or urban environment, showcasing the architect's creativity and innovative approach to designing modern structures. The presence of multiple buildings in the image suggests that this architectural style is prevalent in the area, contributing to the overall aesthetic appeal of the city.","Some of the distinctive features of the architectural style in the image are the large, modern buildings with unique shapes and designs. These buildings stand out due to their size, shape, and color, which create a striking contrast against the blue sky and water. The buildings appear to be part of a cityscape or urban environment, showcasing the architect's creativity.",2024-02-26 03:46:05.000000,16.71246576309204,dislike,1
11,12,1708919178447,https://www.kone.sg/Images/Marina%20Bay%20Sands_1440x670_tcm95-41518.jpg, How many floors does the ArtScience Museum have?,The ArtScience Museum has 10 floors.,The ArtScience Museum has 10 floors.,2024-02-26 03:46:20.000000,1.8721332550048828,dislike,1
12,13,1708919540602,https://food.fnr.sndimg.com/content/dam/images/food/fullset/2021/02/05/Baked-Feta-Pasta-4_s4x3.jpg.rend.hgtvcom.616.493.suffix/1615916524567.jpeg,Describe this image.,"The image showcases a large white bowl filled with pasta and tomato sauce. The dish is placed on a wooden table, surrounded by various utensils, such as a spoon, a fork, and a knife. The pasta dish has a generous amount of cheese, making it a delicious and hearty meal. The bowl is positioned in the center of the table, inviting diners to enjoy the flavorful pasta dish.","The image showcases a large white bowl filled with pasta and tomato sauce. The dish is placed on a wooden table, surrounded by various utensils, such as a spoon, a fork, and a knife. The pasta dish has a generous amount of cheese, making it a delicious and hearty meal. The bowl is positioned in the center of the table, inviting diners to enjoy the flavorful pasta dish.",2024-02-26 03:52:38.000000,16.999554872512817,like,1
13,14,1708919567276,https://food.fnr.sndimg.com/content/dam/images/food/fullset/2021/02/05/Baked-Feta-Pasta-4_s4x3.jpg.rend.hgtvcom.616.493.suffix/1615916524567.jpeg,How would you make the sauce that coats it?,"To make the sauce that coats the pasta, you can use a variety of ingredients depending on your preference and taste. Some common ingredients used in pasta sauces include olive oil, garlic, onions, tomatoes, herbs, and spices. For this particular dish, you could add some olive oil to a pan and sauté garlic and onions until fragrant. Then, you can add diced tomatoes, such as canned diced tomatoes or fresh tomatoes, and simmer the sauce for a few minutes until it thickens. Finally, you can season the sauce with various herbs and spices, such as basil, oregano, and red pepper flakes, to give it a unique flavor.","To make the sauce that coats the pasta, you can use a variety of ingredients depending on your preference and taste. Some common ingredients used in pasta sauces include olive oil, garlic, onions, tomatoes, herbs, and spices. For this particular dish, you could add some olive oil to a pan and sauté garlic and onions until fragrant. Then, you can add diced tomatoes, such as canned diced tomatoes or fresh tomatoes, and simmer the sauce for a few minutes until it thickens. Finally, you can season the sauce with various herbs and spices, such as basil, oregano, and red pepper flakes, to give it a unique flavor.",2024-02-26 03:53:03.000000,15.704615592956545,like,1
14,15,1708919600021,https://food.fnr.sndimg.com/content/dam/images/food/fullset/2021/02/05/Baked-Feta-Pasta-4_s4x3.jpg.rend.hgtvcom.616.493.suffix/1615916524567.jpeg,How many cloves of garlic do you need for it?,There are three cloves of garlic in the pasta dish.,There are three cloves of garlic in the pasta dish.,2024-02-26 03:53:22.000000,2.032864570617676,like,1
15,16,1708919612029,https://food.fnr.sndimg.com/content/dam/images/food/fullset/2021/02/05/Baked-Feta-Pasta-4_s4x3.jpg.rend.hgtvcom.616.493.suffix/1615916524567.jpeg,What kind of tomatoes do you use?,Cherry tomatoes.,Cherry tomatoes.,2024-02-26 03:53:33.000000,1.132171630859375,like,1
16,17,1708919617967,https://food.fnr.sndimg.com/content/dam/images/food/fullset/2021/02/05/Baked-Feta-Pasta-4_s4x3.jpg.rend.hgtvcom.616.493.suffix/1615916524567.jpeg,Do you cut them in half before adding them to the sauce or do you leave them whole?,Leave them whole,Leave them whole,2024-02-26 03:53:38.000000,1.0383868217468262,dislike,1
17,18,1708919624239,https://food.fnr.sndimg.com/content/dam/images/food/fullset/2021/02/05/Baked-Feta-Pasta-4_s4x3.jpg.rend.hgtvcom.616.493.suffix/1615916524567.jpeg,How long do you cook them for?,15 minutes,15 minutes,2024-02-26 03:53:45.000000,1.022270917892456,dislike,1
18,19,1708919631517,https://food.fnr.sndimg.com/content/dam/images/food/fullset/2021/02/05/Baked-Feta-Pasta-4_s4x3.jpg.rend.hgtvcom.616.493.suffix/1615916524567.jpeg,What do you do with the basil that you mentioned earlier? Do you add it to the sauce or use it as a garnish?,You add it to the sauce.,You add it to the sauce.,2024-02-26 03:53:53.000000,1.420173406600952,dislike,1
19,20,1708919644214,https://food.fnr.sndimg.com/content/dam/images/food/fullset/2021/02/05/Baked-Feta-Pasta-4_s4x3.jpg.rend.hgtvcom.616.493.suffix/1615916524567.jpeg,How many servings does it make?,There are three servings of pasta in the dish.,There are three servings of pasta in the dish.,2024-02-26 03:54:06.000000,1.8311567306518557,like,1
20,21,1708919649398,https://food.fnr.sndimg.com/content/dam/images/food/fullset/2021/02/05/Baked-Feta-Pasta-4_s4x3.jpg.rend.hgtvcom.616.493.suffix/1615916524567.jpeg,How many calories are in each serving?,There are approximately 200 calories in each serving of the pasta dish.,There are approximately 200 calories in each serving of the pasta dish.,2024-02-26 03:54:11.000000,2.380295991897583,like,1
21,22,1708919659078,https://food.fnr.sndimg.com/content/dam/images/food/fullset/2021/02/05/Baked-Feta-Pasta-4_s4x3.jpg.rend.hgtvcom.616.493.suffix/1615916524567.jpeg,"How much fat, protein, and carbohydrates are in them?","The pasta dish contains a moderate amount of fat, protein, and carbohydrates. The pasta dish is made up of pasta, cheese, tomato sauce, and herbs, which contribute to the overall nutritional content of the dish. The pasta dish has a moderate amount of fat, protein, and carbohydrates, making it a balanced and nutritious meal option.","The pasta dish contains a moderate amount of fat, protein, and carbohydrates. The pasta dish is made up of pasta, cheese, tomato sauce, and herbs, which contribute to the overall nutritional content of the dish. The pasta dish has a moderate amount of fat, protein, and carbohydrates, making it a balanced and nutritious meal option.",2024-02-26 03:54:28.000000,9.25243592262268,like,1
22,23,1708919671088,https://food.fnr.sndimg.com/content/dam/images/food/fullset/2021/02/05/Baked-Feta-Pasta-4_s4x3.jpg.rend.hgtvcom.616.493.suffix/1615916524567.jpeg,How did you calculate the calories for them? What formula or source did you use?,calorie calculator,calorie calculator,2024-02-26 03:54:32.000000,1.051924705505371,dislike,1
0,1,1708917268400,https://t0.gstatic.com/licensed-image?q=tbn:ANd9GcSuJHaUt4a0J7nSCnLSsC_YjJXVzio_GsD5x_2Zp8JAVpALt3pgdtd0xM8YFA_4N52g,Describe this image.,"A black and white photograph captures the RMS Titanic as it sails through the water. The ship is surrounded by smoke, which is emitted from its smokestacks. The vessel is visible in the center of the image, with several other boats nearby. The Titanic appears to be a large and impressive vessel, with many people on board. It is an iconic image of the famous ship that has become synonymous with its tragic fate.",,2024-02-26 03:14:50.000000,21.76162815093994,like,1
1,2,1708917454548,https://t0.gstatic.com/licensed-image?q=tbn:ANd9GcSuJHaUt4a0J7nSCnLSsC_YjJXVzio_GsD5x_2Zp8JAVpALt3pgdtd0xM8YFA_4N52g,What is its name?,RMS Titanic 1912,,2024-02-26 03:17:36.000000,1.7522037029266355,like,1
2,3,1708917464412,https://t0.gstatic.com/licensed-image?q=tbn:ANd9GcSuJHaUt4a0J7nSCnLSsC_YjJXVzio_GsD5x_2Zp8JAVpALt3pgdtd0xM8YFA_4N52g,Where is it now?,in water 2,,2024-02-26 03:17:45.000000,1.1959095001220703,dislike,1
3,4,1708917474925,https://t0.gstatic.com/licensed-image?q=tbn:ANd9GcSuJHaUt4a0J7nSCnLSsC_YjJXVzio_GsD5x_2Zp8JAVpALt3pgdtd0xM8YFA_4N52g,How many people survived this tragedy?,705,,2024-02-26 03:17:56.000000,1.1228997707366943,like,1
4,5,1708917482252,https://t0.gstatic.com/licensed-image?q=tbn:ANd9GcSuJHaUt4a0J7nSCnLSsC_YjJXVzio_GsD5x_2Zp8JAVpALt3pgdtd0xM8YFA_4N52g,Is there any movie related to this incident?,titanic,,2024-02-26 03:18:03.000000,1.03304123878479,dislike,1
5,6,1708917490189,https://t0.gstatic.com/licensed-image?q=tbn:ANd9GcSuJHaUt4a0J7nSCnLSsC_YjJXVzio_GsD5x_2Zp8JAVpALt3pgdtd0xM8YFA_4N52g,Why is it popular?,it is a historic ship,,2024-02-26 03:18:11.000000,1.168761968612671,like,1
6,7,1708917499638,https://t0.gstatic.com/licensed-image?q=tbn:ANd9GcSuJHaUt4a0J7nSCnLSsC_YjJXVzio_GsD5x_2Zp8JAVpALt3pgdtd0xM8YFA_4N52g,Who was the director?,james cameron 1997 film,,2024-02-26 03:18:21.000000,1.8175418376922607,like,1
7,8,1708917508781,https://t0.gstatic.com/licensed-image?q=tbn:ANd9GcSuJHaUt4a0J7nSCnLSsC_YjJXVzio_GsD5x_2Zp8JAVpALt3pgdtd0xM8YFA_4N52g,What are other movies of him?,titanic,,2024-02-26 03:18:30.000000,1.0194861888885498,dislike,1
8,9,1708917516797,https://t0.gstatic.com/licensed-image?q=tbn:ANd9GcSuJHaUt4a0J7nSCnLSsC_YjJXVzio_GsD5x_2Zp8JAVpALt3pgdtd0xM8YFA_4N52g,What is his most successful film?,Titanic 1997,,2024-02-26 03:18:38.000000,1.5663502216339111,dislike,1
9,10,1708917527781,https://t0.gstatic.com/licensed-image?q=tbn:ANd9GcSuJHaUt4a0J7nSCnLSsC_YjJXVzio_GsD5x_2Zp8JAVpALt3pgdtd0xM8YFA_4N52g,How to watch that movie?,in theater,,2024-02-26 03:18:48.000000,1.026824951171875,dislike,1
10,11,1708917535607,https://t0.gstatic.com/licensed-image?q=tbn:ANd9GcSuJHaUt4a0J7nSCnLSsC_YjJXVzio_GsD5x_2Zp8JAVpALt3pgdtd0xM8YFA_4N52g,What emotions I might have when watching that?,"I might feel a sense of nostalgia while watching an old black and white photograph of the Titanic ship in the water. This image captures a moment from the past, reminding me of the historical significance of the Titanic's tragic story and its impact on the maritime industry. It also evokes a sense of wonder and awe at the sheer size and grandeur of the ship, which was once considered one of the most advanced and luxurious vessels of its time. The emotions associated with this image can range from sadness for those who lost their lives during the disaster to admiration for the engineering and design that went into building such a magnificent vessel.",,2024-02-26 03:19:14.000000,18.526448011398315,dislike,1
11,12,1708917657203,"https://lumiere-a.akamaihd.net/v1/images/pp_phineasandferb_herobanner_mobile_21235_7084ca26.jpeg?region=0,0,640,480",Who are the characters in the image?,"The characters in the image are Phineas, Ferb, and Candace from the animated TV show ""Phineas and Ferb.""",,2024-02-26 03:21:06.000000,7.68181037902832,like,1
12,13,1708917671667,"https://lumiere-a.akamaihd.net/v1/images/pp_phineasandferb_herobanner_mobile_21235_7084ca26.jpeg?region=0,0,640,480",How many characters are there in the image?,There are four characters in the image.,,2024-02-26 03:21:13.000000,1.4059650897979736,like,1
13,14,1708917678203,"https://lumiere-a.akamaihd.net/v1/images/pp_phineasandferb_herobanner_mobile_21235_7084ca26.jpeg?region=0,0,640,480",What are they doing?,They are riding in a car together.,,2024-02-26 03:21:19.000000,1.4845101833343506,like,1
14,15,1708917718621,"https://lumiere-a.akamaihd.net/v1/images/pp_phineasandferb_herobanner_mobile_21235_7084ca26.jpeg?region=0,0,640,480",Where are they from?,Phineas and Ferb,,2024-02-26 03:22:00.000000,1.556020736694336,like,1
15,16,1708917728214,"https://lumiere-a.akamaihd.net/v1/images/pp_phineasandferb_herobanner_mobile_21235_7084ca26.jpeg?region=0,0,640,480",How long is an episode?,22 minutes,,2024-02-26 03:22:10.000000,1.0377922058105469,like,1
16,17,1708917734213,"https://lumiere-a.akamaihd.net/v1/images/pp_phineasandferb_herobanner_mobile_21235_7084ca26.jpeg?region=0,0,640,480",How many seasons are there?,3,,2024-02-26 03:22:15.000000,0.8529999256134033,dislike,1
17,18,1708917742230,"https://lumiere-a.akamaihd.net/v1/images/pp_phineasandferb_herobanner_mobile_21235_7084ca26.jpeg?region=0,0,640,480",Who is the villain in the series?,Captain Stickybeard,,2024-02-26 03:22:23.000000,1.112485408782959,dislike,1
18,19,1708917749759,"https://lumiere-a.akamaihd.net/v1/images/pp_phineasandferb_herobanner_mobile_21235_7084ca26.jpeg?region=0,0,640,480",Who are the main characters in the series?,"The main characters in the series are Phineas Flynn, Ferb Fletcher, Candace Flynn, and Isabella Garcia-Shapiro.",,2024-02-26 03:22:38.000000,8.543328285217285,like,1
19,20,1708917761983,"https://lumiere-a.akamaihd.net/v1/images/pp_phineasandferb_herobanner_mobile_21235_7084ca26.jpeg?region=0,0,640,480",How are they related?,siblings,,2024-02-26 03:22:43.000000,0.8673579692840576,dislike,1
20,21,1708917771502,"https://lumiere-a.akamaihd.net/v1/images/pp_phineasandferb_herobanner_mobile_21235_7084ca26.jpeg?region=0,0,640,480",Do they have girlfriends?,no,,2024-02-26 03:22:52.000000,0.9378468990325928,dislike,1
21,22,1708917778607,"https://lumiere-a.akamaihd.net/v1/images/pp_phineasandferb_herobanner_mobile_21235_7084ca26.jpeg?region=0,0,640,480",What do they do?,drive,,2024-02-26 03:22:59.000000,0.7681615352630615,dislike,1
22,23,1708917857123,https://hips.hearstapps.com/hmg-prod/images/close-up-of-tulips-blooming-in-field-royalty-free-image-1584131603.jpg,Where is this flower?,in field 2,,2024-02-26 03:24:19.000000,1.1666572093963623,dislike,1
23,24,1708917868362,https://hips.hearstapps.com/hmg-prod/images/close-up-of-tulips-blooming-in-field-royalty-free-image-1584131603.jpg,How long has this flower grown?,10 days,,2024-02-26 03:24:30.000000,1.1091394424438477,dislike,1
24,25,1708917882425,https://hips.hearstapps.com/hmg-prod/images/close-up-of-tulips-blooming-in-field-royalty-free-image-1584131603.jpg,How to take care of this flower?,"To take care of tulips, it is important to plant them in well-drained soil, provide adequate watering, and fertilize them regularly. Additionally, tulips require full sunlight and regular deadheading to encourage new blooms and maintain the overall health of the plants.",,2024-02-26 03:24:53.000000,10.505450248718262,like,1
25,26,1708917901205,https://hips.hearstapps.com/hmg-prod/images/close-up-of-tulips-blooming-in-field-royalty-free-image-1584131603.jpg,How to take good care of the whole field?,"To take good care of the whole field of tulips, it is essential to follow proper gardening practices. Here are some tips: 1. Watering: Regular watering is crucial for the growth and health of tulips. Ensure that the soil is consistently moist, but not waterlogged. Avoid over-watering, which can lead to root rot or fungal diseases. 2. Fertilization: Apply fertilizers according to the specific needs of the tulips. For example, if the tulips are planted in a nutrient-poor soil, use a fertilizer with a higher concentration of phosphorus and potassium. 3. Mulching: Mulching can help retain soil moisture, suppress weeds, and regulate soil temperature. Use organic mulch such as bark, wood chips, or straw to cover the soil around the tulip plants. 4. Pest control: Keep an eye out for pests such as aphids, thrips, and tulip bulb flies. Use appropriate pesticides or natural methods like neem oil, insecticidal",,2024-02-26 03:25:30.000000,28.686625719070435,like,1
26,27,1708917937463,https://hips.hearstapps.com/hmg-prod/images/close-up-of-tulips-blooming-in-field-royalty-free-image-1584131603.jpg,How many colors of the flower in this image?,"There are several colors of flowers in this image, including red, yellow, and white.",,2024-02-26 03:25:40.000000,2.3834598064422607,like,1
27,28,1708917951023,https://hips.hearstapps.com/hmg-prod/images/close-up-of-tulips-blooming-in-field-royalty-free-image-1584131603.jpg,Is there any other colors of this flower in real life?,"Yes, there are other colors of tulips in real life, such as pink, purple, yellow, and white.",,2024-02-26 03:25:54.000000,3.205305337905884,like,1
28,29,1708917957254,https://hips.hearstapps.com/hmg-prod/images/close-up-of-tulips-blooming-in-field-royalty-free-image-1584131603.jpg,What are the other colors?,"The other colors in the field of tulips are white, yellow, and red.",,2024-02-26 03:25:59.000000,2.4019296169281006,like,1
29,30,1708917972485,https://hips.hearstapps.com/hmg-prod/images/close-up-of-tulips-blooming-in-field-royalty-free-image-1584131603.jpg,Which kind of weather suits this flower?,sunny tulip,,2024-02-26 03:26:14.000000,1.2915031909942627,dislike,1
30,31,1708917979783,https://hips.hearstapps.com/hmg-prod/images/close-up-of-tulips-blooming-in-field-royalty-free-image-1584131603.jpg,Can it be planted in tropical area?,"Yes, tulips can be planted in tropical areas. While tulips are typically associated with cooler climates, they can adapt to warmer temperatures and thrive in tropical regions. This is possible due to the availability of a wide range of tulip varieties, some of which are specifically bred to tolerate heat and humidity. In tropical areas, tulips can be planted in the spring or fall, depending on the specific variety and local climate conditions. The key to successfully growing tulips in a tropical environment is to choose varieties that are well-suited to the local climate and provide proper care and maintenance, such as adequate watering, fertilization, and pest management.",,2024-02-26 03:26:39.000000,19.258220195770264,like,1
31,32,1708918013872,https://hips.hearstapps.com/hmg-prod/images/close-up-of-tulips-blooming-in-field-royalty-free-image-1584131603.jpg,How long does this flower bloom?,1 week,,2024-02-26 03:26:55.000000,1.021843194961548,like,1
32,33,1708918029360,https://hips.hearstapps.com/hmg-prod/images/close-up-of-tulips-blooming-in-field-royalty-free-image-1584131603.jpg,Is this flower easily infected by pest?,yes 1,,2024-02-26 03:27:10.000000,1.1286816596984863,dislike,1
33,34,1708918052067,"https://assets.myntassets.com/dpr_1.5,q_60,w_400,c_limit,fl_progressive/assets/images/23484790/2023/5/31/14fc49d0-6ce3-4410-9e8c-147f57c539d91685518426707HRXbyHrithikRoshanMenWhiteMeshRunningNon-MarkingShoes1.jpg",Which brand is it?,Nike 1987,,2024-02-26 03:27:34.000000,1.4094913005828855,dislike,1
34,35,1708918058555,"https://assets.myntassets.com/dpr_1.5,q_60,w_400,c_limit,fl_progressive/assets/images/23484790/2023/5/31/14fc49d0-6ce3-4410-9e8c-147f57c539d91685518426707HRXbyHrithikRoshanMenWhiteMeshRunningNon-MarkingShoes1.jpg",What is the height of this shoe?,10 inches,,2024-02-26 03:27:39.000000,1.065439224243164,dislike,1
35,36,1708918066523,"https://assets.myntassets.com/dpr_1.5,q_60,w_400,c_limit,fl_progressive/assets/images/23484790/2023/5/31/14fc49d0-6ce3-4410-9e8c-147f57c539d91685518426707HRXbyHrithikRoshanMenWhiteMeshRunningNon-MarkingShoes1.jpg",How many colors does it have?,"There are three colors in the shoes: blue, green, and orange.",,2024-02-26 03:27:48.000000,2.103329658508301,like,1
36,37,1708918072818,"https://assets.myntassets.com/dpr_1.5,q_60,w_400,c_limit,fl_progressive/assets/images/23484790/2023/5/31/14fc49d0-6ce3-4410-9e8c-147f57c539d91685518426707HRXbyHrithikRoshanMenWhiteMeshRunningNon-MarkingShoes1.jpg",Is this soft for feet?,yes yes 2,,2024-02-26 03:27:54.000000,1.2146625518798828,dislike,1
37,38,1708918082531,"https://assets.myntassets.com/dpr_1.5,q_60,w_400,c_limit,fl_progressive/assets/images/23484790/2023/5/31/14fc49d0-6ce3-4410-9e8c-147f57c539d91685518426707HRXbyHrithikRoshanMenWhiteMeshRunningNon-MarkingShoes1.jpg",Is this for male or female?,male yes 2,,2024-02-26 03:28:03.000000,1.2369656562805176,dislike,1
38,39,1708918088988,"https://assets.myntassets.com/dpr_1.5,q_60,w_400,c_limit,fl_progressive/assets/images/23484790/2023/5/31/14fc49d0-6ce3-4410-9e8c-147f57c539d91685518426707HRXbyHrithikRoshanMenWhiteMeshRunningNon-MarkingShoes1.jpg",Which size is this shoe?,10 10,,2024-02-26 03:28:10.000000,1.326185941696167,dislike,1
39,40,1708918125101,"https://assets.myntassets.com/dpr_1.5,q_60,w_400,c_limit,fl_progressive/assets/images/23484790/2023/5/31/14fc49d0-6ce3-4410-9e8c-147f57c539d91685518426707HRXbyHrithikRoshanMenWhiteMeshRunningNon-MarkingShoes1.jpg",Can this be used underwater?,no,,2024-02-26 03:28:46.000000,1.3333358764648438,dislike,1
40,41,1708918133765,"https://assets.myntassets.com/dpr_1.5,q_60,w_400,c_limit,fl_progressive/assets/images/23484790/2023/5/31/14fc49d0-6ce3-4410-9e8c-147f57c539d91685518426707HRXbyHrithikRoshanMenWhiteMeshRunningNon-MarkingShoes1.jpg",Can this be washed with the washing machine?,yes,,2024-02-26 03:28:54.000000,0.7614176273345947,dislike,1
41,42,1708918141702,"https://assets.myntassets.com/dpr_1.5,q_60,w_400,c_limit,fl_progressive/assets/images/23484790/2023/5/31/14fc49d0-6ce3-4410-9e8c-147f57c539d91685518426707HRXbyHrithikRoshanMenWhiteMeshRunningNon-MarkingShoes1.jpg",Which kind of leather is this made from?,genuine 100% leather,,2024-02-26 03:29:03.000000,1.5786428451538086,dislike,1
42,43,1708918147671,"https://assets.myntassets.com/dpr_1.5,q_60,w_400,c_limit,fl_progressive/assets/images/23484790/2023/5/31/14fc49d0-6ce3-4410-9e8c-147f57c539d91685518426707HRXbyHrithikRoshanMenWhiteMeshRunningNon-MarkingShoes1.jpg",What material is this sole made of?,Rubber.,,2024-02-26 03:29:08.000000,0.9413154125213624,like,1
43,44,1708918158063,"https://assets.myntassets.com/dpr_1.5,q_60,w_400,c_limit,fl_progressive/assets/images/23484790/2023/5/31/14fc49d0-6ce3-4410-9e8c-147f57c539d91685518426707HRXbyHrithikRoshanMenWhiteMeshRunningNon-MarkingShoes1.jpg",Does the color of the shoes fade over time?,"No, the color of the shoes does not fade over time. The shoes in the image are brightly colored and vibrant, with no indication of fading or deterioration.",,2024-02-26 03:29:27.000000,8.901204824447632,like,1
0,1,1708918919467,https://www.kone.sg/Images/Marina%20Bay%20Sands_1440x670_tcm95-41518.jpg,Describe this image.,"The image showcases a modern city skyline with several tall buildings, including a large white structure in the center of the scene. The buildings are situated near a body of water, possibly a river or a lake, which is visible in the background.  There are several people scattered throughout the scene, some closer to the buildings and others further away. Some of the people are standing near the water's edge, while others can be seen walking along the street or sitting on benches. A few cars are also visible in the scene, parked near the buildings or driving along the road. Additionally, there is a boat floating in the water, adding to the scenic view of the city.","The image showcases a modern city skyline with several tall buildings, including a large white structure in the center of the scene. The buildings are situated near a body of water, possibly a river or a lake, which is visible in the background. There are several people scattered throughout the scene, some closer to the buildings and others further away.",2024-02-26 03:42:25.000000,25.21458959579468,like,1
1,2,1708918948293,https://www.kone.sg/Images/Marina%20Bay%20Sands_1440x670_tcm95-41518.jpg,What is the name of the city that you are describing?,singapore,singapore,2024-02-26 03:42:29.000000,0.9640283584594728,like,1
2,3,1708918962453,https://www.kone.sg/Images/Marina%20Bay%20Sands_1440x670_tcm95-41518.jpg,What is the name of the building complex that consists of three towers and a horizontal structure on top?,Marina Bay Sands,Marina Bay Sands,2024-02-26 03:42:43.000000,1.0783143043518066,like,1
3,4,1708918969676,https://www.kone.sg/Images/Marina%20Bay%20Sands_1440x670_tcm95-41518.jpg,What is the name of the horizontal structure that connects them?,Bridge,Bridge,2024-02-26 03:42:50.000000,0.8093385696411133,dislike,1
4,5,1708918975508,https://www.kone.sg/Images/Marina%20Bay%20Sands_1440x670_tcm95-41518.jpg,What is the height of the sky park and how much does it weigh?,"The Marina Bay Sands SkyPark is approximately 200 meters (656 feet) high, making it one of the highest observation decks in the world. Its weight is estimated to be around 34,000 metric tons, which is a significant amount of weight for a structure of this height. The Marina Bay Sands SkyPark is an impressive architectural feat and a popular tourist attraction in Singapore, offering visitors breathtaking views of the city skyline and surrounding waters.","The Marina Bay Sands SkyPark is approximately 200 meters (656 feet) high. Its weight is estimated to be around 34,000 metric tons, which is a significant amount of weight for a structure of this height. The SkyPark offers visitors breathtaking views of the city skyline and surrounding waters.",2024-02-26 03:43:10.000000,14.704391717910768,like,1
5,6,1708919030758,https://www.kone.sg/Images/Marina%20Bay%20Sands_1440x670_tcm95-41518.jpg,What is the length and width of the horizontal structure that connects them?,The length and width of the horizontal structure that connects the two buildings is not specified in the image.,The length and width of the horizontal structure that connects the two buildings is not specified in the image. It is not known how long the structure will be when it is completed. The building will be completed by the end of the year. It will be built on the site of a former church.,2024-02-26 03:43:58.000000,7.512900352478027,dislike,1
6,7,1708919047696,https://www.kone.sg/Images/Marina%20Bay%20Sands_1440x670_tcm95-41518.jpg,What can visitors do there?,"Visitors can explore the Marina Bay Sands complex and its various amenities, such as shopping, dining, entertainment, and hotel accommodations. They can also take a stroll along the promenade and enjoy the scenic views of the Singapore skyline and the waterfront. Additionally, visitors can attend events and concerts at the Marina Bay Sands Event Plaza or participate in outdoor activities such as kayaking or boating on the water. The Marina Bay Sands complex offers a diverse range of experiences for visitors to enjoy, making it a popular destination for both locals and tourists alike.","Visitors can explore the Marina Bay Sands complex and its various amenities, such as shopping, dining, entertainment, and hotel accommodations. They can also take a stroll along the promenade and enjoy the scenic views of the Singapore skyline and the waterfront. Visitors can attend events and concerts at the MarinaBay Sands Event Plaza or participate in outdoor activities such as kayaking or boating on the water.",2024-02-26 03:44:25.000000,17.98455548286438,like,1
7,8,1708919070993,https://www.kone.sg/Images/Marina%20Bay%20Sands_1440x670_tcm95-41518.jpg,What is the name of the lotus flower-shaped building that is located next to them?,The lotus flower-shaped building is called the Marina Bay Sands.,The lotus flower-shaped building is called the Marina Bay Sands.,2024-02-26 03:44:33.000000,2.140897274017334,dislike,1
8,9,1708919080137,https://www.kone.sg/Images/Marina%20Bay%20Sands_1440x670_tcm95-41518.jpg,What is the architectural inspiration behind the design of the ArtScience Museum?,"The architectural inspiration behind the design of the ArtScience Museum in Singapore is a combination of modern and futuristic elements. The building's unique shape, resembling a lotus flower, is inspired by traditional Asian art and culture. The lotus flower symbolizes purity, creativity, and spiritual enlightenment in many Asian cultures. This symbolism is reflected in the museum's exhibits, which showcase the intersections between art and science. Additionally, the building's sleek, modern design reflects the city's commitment to innovation and technological advancements. The combination of traditional and modern elements creates a visually striking and memorable structure that serves as an iconic landmark in Singapore's skyline.","The ArtScience Museum in Singapore is a combination of modern and futuristic elements. The building's unique shape, resembling a lotus flower, is inspired by traditional Asian art and culture. The combination of traditional and modern elements creates a visually striking and memorable structure that serves as an iconic landmark in Singapore's skyline.",2024-02-26 03:44:59.000000,19.553425550460812,like,1
9,10,1708919118954,https://www.kone.sg/Images/Marina%20Bay%20Sands_1440x670_tcm95-41518.jpg,Who is the architect who designed it?,I. M. Pei,I. M. Pei,2024-02-26 03:45:20.000000,1.3461010456085205,dislike,1
10,11,1708919148788,https://www.kone.sg/Images/Marina%20Bay%20Sands_1440x670_tcm95-41518.jpg,What are some of the distinctive features of his architectural style?,"Some of the distinctive features of the architectural style in the image are the large, modern buildings with unique shapes and designs. These buildings stand out due to their size, shape, and color, which create a striking contrast against the blue sky and water. The buildings appear to be part of a cityscape or urban environment, showcasing the architect's creativity and innovative approach to designing modern structures. The presence of multiple buildings in the image suggests that this architectural style is prevalent in the area, contributing to the overall aesthetic appeal of the city.","Some of the distinctive features of the architectural style in the image are the large, modern buildings with unique shapes and designs. These buildings stand out due to their size, shape, and color, which create a striking contrast against the blue sky and water. The buildings appear to be part of a cityscape or urban environment, showcasing the architect's creativity.",2024-02-26 03:46:05.000000,16.71246576309204,dislike,1
11,12,1708919178447,https://www.kone.sg/Images/Marina%20Bay%20Sands_1440x670_tcm95-41518.jpg, How many floors does the ArtScience Museum have?,The ArtScience Museum has 10 floors.,The ArtScience Museum has 10 floors.,2024-02-26 03:46:20.000000,1.8721332550048828,dislike,1
12,13,1708919540602,https://food.fnr.sndimg.com/content/dam/images/food/fullset/2021/02/05/Baked-Feta-Pasta-4_s4x3.jpg.rend.hgtvcom.616.493.suffix/1615916524567.jpeg,Describe this image.,"The image showcases a large white bowl filled with pasta and tomato sauce. The dish is placed on a wooden table, surrounded by various utensils, such as a spoon, a fork, and a knife. The pasta dish has a generous amount of cheese, making it a delicious and hearty meal. The bowl is positioned in the center of the table, inviting diners to enjoy the flavorful pasta dish.","The image showcases a large white bowl filled with pasta and tomato sauce. The dish is placed on a wooden table, surrounded by various utensils, such as a spoon, a fork, and a knife. The pasta dish has a generous amount of cheese, making it a delicious and hearty meal. The bowl is positioned in the center of the table, inviting diners to enjoy the flavorful pasta dish.",2024-02-26 03:52:38.000000,16.999554872512817,like,1
13,14,1708919567276,https://food.fnr.sndimg.com/content/dam/images/food/fullset/2021/02/05/Baked-Feta-Pasta-4_s4x3.jpg.rend.hgtvcom.616.493.suffix/1615916524567.jpeg,How would you make the sauce that coats it?,"To make the sauce that coats the pasta, you can use a variety of ingredients depending on your preference and taste. Some common ingredients used in pasta sauces include olive oil, garlic, onions, tomatoes, herbs, and spices. For this particular dish, you could add some olive oil to a pan and sauté garlic and onions until fragrant. Then, you can add diced tomatoes, such as canned diced tomatoes or fresh tomatoes, and simmer the sauce for a few minutes until it thickens. Finally, you can season the sauce with various herbs and spices, such as basil, oregano, and red pepper flakes, to give it a unique flavor.","To make the sauce that coats the pasta, you can use a variety of ingredients depending on your preference and taste. Some common ingredients used in pasta sauces include olive oil, garlic, onions, tomatoes, herbs, and spices. For this particular dish, you could add some olive oil to a pan and sauté garlic and onions until fragrant. Then, you can add diced tomatoes, such as canned diced tomatoes or fresh tomatoes, and simmer the sauce for a few minutes until it thickens. Finally, you can season the sauce with various herbs and spices, such as basil, oregano, and red pepper flakes, to give it a unique flavor.",2024-02-26 03:53:03.000000,15.704615592956545,like,1
14,15,1708919600021,https://food.fnr.sndimg.com/content/dam/images/food/fullset/2021/02/05/Baked-Feta-Pasta-4_s4x3.jpg.rend.hgtvcom.616.493.suffix/1615916524567.jpeg,How many cloves of garlic do you need for it?,There are three cloves of garlic in the pasta dish.,There are three cloves of garlic in the pasta dish.,2024-02-26 03:53:22.000000,2.032864570617676,like,1
15,16,1708919612029,https://food.fnr.sndimg.com/content/dam/images/food/fullset/2021/02/05/Baked-Feta-Pasta-4_s4x3.jpg.rend.hgtvcom.616.493.suffix/1615916524567.jpeg,What kind of tomatoes do you use?,Cherry tomatoes.,Cherry tomatoes.,2024-02-26 03:53:33.000000,1.132171630859375,like,1
16,17,1708919617967,https://food.fnr.sndimg.com/content/dam/images/food/fullset/2021/02/05/Baked-Feta-Pasta-4_s4x3.jpg.rend.hgtvcom.616.493.suffix/1615916524567.jpeg,Do you cut them in half before adding them to the sauce or do you leave them whole?,Leave them whole,Leave them whole,2024-02-26 03:53:38.000000,1.0383868217468262,dislike,1
17,18,1708919624239,https://food.fnr.sndimg.com/content/dam/images/food/fullset/2021/02/05/Baked-Feta-Pasta-4_s4x3.jpg.rend.hgtvcom.616.493.suffix/1615916524567.jpeg,How long do you cook them for?,15 minutes,15 minutes,2024-02-26 03:53:45.000000,1.022270917892456,dislike,1
18,19,1708919631517,https://food.fnr.sndimg.com/content/dam/images/food/fullset/2021/02/05/Baked-Feta-Pasta-4_s4x3.jpg.rend.hgtvcom.616.493.suffix/1615916524567.jpeg,What do you do with the basil that you mentioned earlier? Do you add it to the sauce or use it as a garnish?,You add it to the sauce.,You add it to the sauce.,2024-02-26 03:53:53.000000,1.420173406600952,dislike,1
19,20,1708919644214,https://food.fnr.sndimg.com/content/dam/images/food/fullset/2021/02/05/Baked-Feta-Pasta-4_s4x3.jpg.rend.hgtvcom.616.493.suffix/1615916524567.jpeg,How many servings does it make?,There are three servings of pasta in the dish.,There are three servings of pasta in the dish.,2024-02-26 03:54:06.000000,1.8311567306518557,like,1
20,21,1708919649398,https://food.fnr.sndimg.com/content/dam/images/food/fullset/2021/02/05/Baked-Feta-Pasta-4_s4x3.jpg.rend.hgtvcom.616.493.suffix/1615916524567.jpeg,How many calories are in each serving?,There are approximately 200 calories in each serving of the pasta dish.,There are approximately 200 calories in each serving of the pasta dish.,2024-02-26 03:54:11.000000,2.380295991897583,like,1
21,22,1708919659078,https://food.fnr.sndimg.com/content/dam/images/food/fullset/2021/02/05/Baked-Feta-Pasta-4_s4x3.jpg.rend.hgtvcom.616.493.suffix/1615916524567.jpeg,"How much fat, protein, and carbohydrates are in them?","The pasta dish contains a moderate amount of fat, protein, and carbohydrates. The pasta dish is made up of pasta, cheese, tomato sauce, and herbs, which contribute to the overall nutritional content of the dish. The pasta dish has a moderate amount of fat, protein, and carbohydrates, making it a balanced and nutritious meal option.","The pasta dish contains a moderate amount of fat, protein, and carbohydrates. The pasta dish is made up of pasta, cheese, tomato sauce, and herbs, which contribute to the overall nutritional content of the dish. The pasta dish has a moderate amount of fat, protein, and carbohydrates, making it a balanced and nutritious meal option.",2024-02-26 03:54:28.000000,9.25243592262268,like,1
22,23,1708919671088,https://food.fnr.sndimg.com/content/dam/images/food/fullset/2021/02/05/Baked-Feta-Pasta-4_s4x3.jpg.rend.hgtvcom.616.493.suffix/1615916524567.jpeg,How did you calculate the calories for them? What formula or source did you use?,calorie calculator,calorie calculator,2024-02-26 03:54:32.000000,1.051924705505371,dislike,1
23,24,1708920290438,https://lh3.googleusercontent.com/_LjVqk-ipAA7AtccR--EdTjnVu8aAcCkr9x74b8S53Yl6JZcrbtlWMqgcbKOWCJ7OMhAhaF2hqEWV-zSQ818aXYgxQSj7aGhkQ=w1600-rj,Describe this image.,"The image features four young women dressed in red and black outfits, posing together for a photo. They are arranged in a line, with the first woman standing closest to the left side of the image, followed by the second woman, then the third woman, and finally the fourth woman on the right side of the image. Each woman has a unique hairstyle, showcasing their individuality.  There are several handbags scattered throughout the scene, indicating that the women may have brought their personal belongings with them for the photo shoot. Additionally, there is a pencil sitting on the ground near the second woman from the left, suggesting that they may have been preparing for a writing task or taking notes during the photo session. Overall, this image captures a fun and stylish moment of the four women posing together in their coordinated outfits.","The image features four young women dressed in red and black outfits, posing together for a photo. They are arranged in a line, with the first woman standing closest to the left side of the image, followed by the second woman, then the third woman, and finally the fourth woman on the right side of the image. Each woman has a unique hairstyle, showcasing their individuality.  There are several handbags scattered throughout the scene, indicating that the women may have brought their personal belongings with them for the photo shoot. Additionally, there is a pencil sitting on the ground near the second woman from the left, suggesting that they may have been preparing for a writing task or taking notes during the photo session. Overall, this image captures a fun and stylish moment of the four women posing together in their coordinated outfits.",2024-02-26 04:05:15.000000,24.79873251914978,like,2
24,25,1708920332159,https://lh3.googleusercontent.com/_LjVqk-ipAA7AtccR--EdTjnVu8aAcCkr9x74b8S53Yl6JZcrbtlWMqgcbKOWCJ7OMhAhaF2hqEWV-zSQ818aXYgxQSj7aGhkQ=w1600-rj,Who are they?,girl group 2ne1,girl group 2ne1,2024-02-26 04:05:33.000000,1.2971503734588623,dislike,2
25,26,1708920342423,https://lh3.googleusercontent.com/_LjVqk-ipAA7AtccR--EdTjnVu8aAcCkr9x74b8S53Yl6JZcrbtlWMqgcbKOWCJ7OMhAhaF2hqEWV-zSQ818aXYgxQSj7aGhkQ=w1600-rj,What are their names?,red velvet 4minute,red velvet 4minute,2024-02-26 04:05:44.000000,1.3992269039154053,dislike,2
26,27,1708920353607,https://lh3.googleusercontent.com/_LjVqk-ipAA7AtccR--EdTjnVu8aAcCkr9x74b8S53Yl6JZcrbtlWMqgcbKOWCJ7OMhAhaF2hqEWV-zSQ818aXYgxQSj7aGhkQ=w1600-rj,What are their songs?,"""Lose Control""","""Lose Control""",2024-02-26 04:05:54.000000,1.142444133758545,dislike,2
27,28,1708920363257,https://lh3.googleusercontent.com/_LjVqk-ipAA7AtccR--EdTjnVu8aAcCkr9x74b8S53Yl6JZcrbtlWMqgcbKOWCJ7OMhAhaF2hqEWV-zSQ818aXYgxQSj7aGhkQ=w1600-rj,Where are they from?,South Korea,South Korea,2024-02-26 04:06:04.000000,0.9484999179840088,like,2
28,29,1708920371593,https://lh3.googleusercontent.com/_LjVqk-ipAA7AtccR--EdTjnVu8aAcCkr9x74b8S53Yl6JZcrbtlWMqgcbKOWCJ7OMhAhaF2hqEWV-zSQ818aXYgxQSj7aGhkQ=w1600-rj,What do they do?,"They are a group of female performers known as BLACKPINK. They perform music, dance, and entertain their fans through concerts, music videos, and social media.","They are a group of female performers known as BLACKPINK. They perform music, dance, and entertain their fans through concerts, music videos, and social media.",2024-02-26 04:06:15.000000,4.063555955886841,like,2
29,30,1708920385690,https://lh3.googleusercontent.com/_LjVqk-ipAA7AtccR--EdTjnVu8aAcCkr9x74b8S53Yl6JZcrbtlWMqgcbKOWCJ7OMhAhaF2hqEWV-zSQ818aXYgxQSj7aGhkQ=w1600-rj,What are their songs?,"""Lose Control""","""Lose Control""",2024-02-26 04:06:27.000000,1.137722730636597,dislike,2
30,31,1708920398986,https://lh3.googleusercontent.com/_LjVqk-ipAA7AtccR--EdTjnVu8aAcCkr9x74b8S53Yl6JZcrbtlWMqgcbKOWCJ7OMhAhaF2hqEWV-zSQ818aXYgxQSj7aGhkQ=w1600-rj,Are they pretty?,yes yes 2,yes yes 2,2024-02-26 04:06:40.000000,1.2235496044158936,dislike,2
31,32,1708920408762,https://lh3.googleusercontent.com/_LjVqk-ipAA7AtccR--EdTjnVu8aAcCkr9x74b8S53Yl6JZcrbtlWMqgcbKOWCJ7OMhAhaF2hqEWV-zSQ818aXYgxQSj7aGhkQ=w1600-rj,Who is the most beautiful?,left 2nd from left,left 2nd from left,2024-02-26 04:06:50.000000,1.3219866752624512,dislike,2
32,33,1708920440267,https://lh3.googleusercontent.com/_LjVqk-ipAA7AtccR--EdTjnVu8aAcCkr9x74b8S53Yl6JZcrbtlWMqgcbKOWCJ7OMhAhaF2hqEWV-zSQ818aXYgxQSj7aGhkQ=w1600-rj,How is their style?,"The girls are dressed in matching red and black outfits, with leather gloves and boots. They have their hair styled in a variety of ways, such as short bangs and longer hair.","The girls are dressed in matching red and black outfits, with leather gloves and boots. They have their hair styled in a variety of ways, such as short bangs and longer hair.",2024-02-26 04:07:24.000000,4.52312970161438,like,2
33,34,1708920457389,https://lh3.googleusercontent.com/_LjVqk-ipAA7AtccR--EdTjnVu8aAcCkr9x74b8S53Yl6JZcrbtlWMqgcbKOWCJ7OMhAhaF2hqEWV-zSQ818aXYgxQSj7aGhkQ=w1600-rj,How old are they?,young 20s,young 20s,2024-02-26 04:07:38.000000,1.1205472946166992,like,2
34,35,1708920510688,https://hellobark.com/wp-content/uploads/corgi-1200.jpg,Describe this image.,"The image features a cute brown and white dog lying on a lush green lawn. The dog appears to be enjoying its time in the grass, possibly playing or relaxing. There are several other dogs visible in the background, but they are not as prominent as the main subject of the image.  In addition to the dogs, there is a person standing near the left side of the image, watching over the scene. The overall atmosphere is peaceful and pleasant, with the sun shining down on the dogs and the green grass.","The image features a cute brown and white dog lying on a lush green lawn. The dog appears to be enjoying its time in the grass, possibly playing or relaxing. There are several other dogs visible in the background, but they are not as prominent as the main subject of the image.  In addition to the dogs, there is a person standing near the left side of the image, watching over the scene. The overall atmosphere is peaceful and pleasant, with the sun shining down on the dogs and the green grass.",2024-02-26 04:08:42.000000,10.493644714355469,dislike,2
35,36,1708920535449,https://hellobark.com/wp-content/uploads/corgi-1200.jpg,Which dog breed is this?,corgi yes,corgi yes,2024-02-26 04:08:57.000000,1.1304702758789062,like,2
36,37,1708920559481,https://hellobark.com/wp-content/uploads/corgi-1200.jpg,How does he look?,happy 100%,happy 100%,2024-02-26 04:09:21.000000,1.3363711833953855,like,2
37,38,1708920580425,https://hellobark.com/wp-content/uploads/corgi-1200.jpg,What is he feeling?,happy,happy,2024-02-26 04:09:41.000000,0.8809969425201416,dislike,2
38,39,1708920595961,https://hellobark.com/wp-content/uploads/corgi-1200.jpg,Where is he from?,Englandics 100,Englandics 100,2024-02-26 04:09:58.000000,1.407796859741211,dislike,2
39,40,1708920612410,https://hellobark.com/wp-content/uploads/corgi-1200.jpg,Is there anything special about him?,he is a corgi,he is a corgi,2024-02-26 04:10:14.000000,1.238874435424805,dislike,2
40,41,1708920618571,https://hellobark.com/wp-content/uploads/corgi-1200.jpg,Can he swim?,no yes,no yes,2024-02-26 04:10:19.000000,0.9742753505706788,dislike,2
41,42,1708920648371,https://hellobark.com/wp-content/uploads/corgi-1200.jpg,What is he good at?,playingunderdog ​,playingunderdog ​,2024-02-26 04:10:50.000000,1.403434991836548,dislike,2
42,43,1708920668515,https://hellobark.com/wp-content/uploads/corgi-1200.jpg,how to adopt one?,go to pound,go to pound,2024-02-26 04:11:09.000000,1.2020866870880127,dislike,2
43,44,1708920686277,https://hellobark.com/wp-content/uploads/corgi-1200.jpg,Does he bite?,no yes,no yes,2024-02-26 04:11:27.000000,0.973067045211792,dislike,2
44,45,1708920701886,https://hellobark.com/wp-content/uploads/corgi-1200.jpg,Is he cute?,yes yes,yes yes,2024-02-26 04:11:43.000000,0.9741718769073486,like,2
45,46,1708920825409,https://www.brilliantnews.com/wp-content/uploads/2017/09/disney.jpg,Describe this image.,"The image features a group of Disney characters, including Mickey Mouse, Minnie Mouse, Donald Duck, and Goofy. They are posing for a photo on a green carpet in front of a backdrop. There are several people standing around the characters, likely waiting for their turn to take a picture with them. In total, there are at least 12 people present in the scene. Additionally, there are several chairs scattered around the area, providing seating options for those waiting in line. A potted plant can be seen in the background, adding some greenery to the scene.","The image features a group of Disney characters, including Mickey Mouse, Minnie Mouse, Donald Duck, and Goofy. They are posing for a photo on a green carpet in front of a backdrop. There are several people standing around the characters, likely waiting for their turn to take a picture with them. In total, there are at least 12 people present in the scene. Additionally, there are several chairs scattered around the area, providing seating options for those waiting in line. A potted plant can be seen in the background, adding some greenery to the scene.",2024-02-26 04:13:57.000000,11.82015347480774,dislike,2
46,47,1708920859323,https://www.brilliantnews.com/wp-content/uploads/2017/09/disney.jpg,Who are they?,Mickey Mouse and friends,Mickey Mouse and friends,2024-02-26 04:14:20.000000,1.1469926834106443,like,2
47,48,1708920875653,https://www.brilliantnews.com/wp-content/uploads/2017/09/disney.jpg,Where are they from?,Disneyland,Disneyland,2024-02-26 04:14:36.000000,0.8280410766601562,like,2
48,49,1708920896606,https://www.brilliantnews.com/wp-content/uploads/2017/09/disney.jpg,Which kinds of animal are they?,Disney charactersic 2 dogs and 3 mice,Disney charactersic 2 dogs and 3 mice,2024-02-26 04:14:58.000000,1.880772590637207,dislike,2
49,50,1708921549038,https://www.brilliantnews.com/wp-content/uploads/2017/09/disney.jpg,Do children like them?,yes yes,yes yes,2024-02-26 04:25:57.000000,8.097306489944458,dislike,2
50,51,1708921812329,https://th.bing.com/th/id/R.498589db9a3498c7ea59697b1a199c76?rik=HyKxZeH0PARdhg&riu=http%3a%2f%2fimages6.fanpop.com%2fimage%2fphotos%2f36600000%2fDisney-Princess-image-disney-princess-36601083-300-169.jpg&ehk=fvIt5U5Z1k3tW47il1XI%2fmDkt34M%2f28RUHwgrh7YV3g%3d&risl=&pid=ImgRaw&r=0,Who are they?,mermaid 2,mermaid 2,2024-02-26 04:30:14.000000,1.1960954666137695,dislike,2
51,52,1708921824288,https://th.bing.com/th/id/R.498589db9a3498c7ea59697b1a199c76?rik=HyKxZeH0PARdhg&riu=http%3a%2f%2fimages6.fanpop.com%2fimage%2fphotos%2f36600000%2fDisney-Princess-image-disney-princess-36601083-300-169.jpg&ehk=fvIt5U5Z1k3tW47il1XI%2fmDkt34M%2f28RUHwgrh7YV3g%3d&risl=&pid=ImgRaw&r=0,What is her name?,ariel 2,ariel 2,2024-02-26 04:30:26.000000,1.0948963165283203,dislike,2
52,53,1708921836833,https://th.bing.com/th/id/R.498589db9a3498c7ea59697b1a199c76?rik=HyKxZeH0PARdhg&riu=http%3a%2f%2fimages6.fanpop.com%2fimage%2fphotos%2f36600000%2fDisney-Princess-image-disney-princess-36601083-300-169.jpg&ehk=fvIt5U5Z1k3tW47il1XI%2fmDkt34M%2f28RUHwgrh7YV3g%3d&risl=&pid=ImgRaw&r=0,Where does she live?,"underwater 101 dalmatians the puppies, 2000 animated film","underwater 101 dalmatians the puppies, 2000 animated film",2024-02-26 04:30:40.000000,2.714430332183838,dislike,2
53,54,1708921848337,https://th.bing.com/th/id/R.498589db9a3498c7ea59697b1a199c76?rik=HyKxZeH0PARdhg&riu=http%3a%2f%2fimages6.fanpop.com%2fimage%2fphotos%2f36600000%2fDisney-Princess-image-disney-princess-36601083-300-169.jpg&ehk=fvIt5U5Z1k3tW47il1XI%2fmDkt34M%2f28RUHwgrh7YV3g%3d&risl=&pid=ImgRaw&r=0,What is special about her?,She is an animated character from Disney's The Little Mermaid.,She is an animated character from Disney's The Little Mermaid.,2024-02-26 04:30:51.000000,2.0196166038513184,like,2
54,55,1708921870170,https://th.bing.com/th/id/R.498589db9a3498c7ea59697b1a199c76?rik=HyKxZeH0PARdhg&riu=http%3a%2f%2fimages6.fanpop.com%2fimage%2fphotos%2f36600000%2fDisney-Princess-image-disney-princess-36601083-300-169.jpg&ehk=fvIt5U5Z1k3tW47il1XI%2fmDkt34M%2f28RUHwgrh7YV3g%3d&risl=&pid=ImgRaw&r=0,Who is her best friend?,ariel 2,ariel 2,2024-02-26 04:31:12.000000,1.1129860877990725,dislike,2
55,56,1708921884724,https://th.bing.com/th/id/R.498589db9a3498c7ea59697b1a199c76?rik=HyKxZeH0PARdhg&riu=http%3a%2f%2fimages6.fanpop.com%2fimage%2fphotos%2f36600000%2fDisney-Princess-image-disney-princess-36601083-300-169.jpg&ehk=fvIt5U5Z1k3tW47il1XI%2fmDkt34M%2f28RUHwgrh7YV3g%3d&risl=&pid=ImgRaw&r=0,Is she beautiful?,yes yes 2,yes yes 2,2024-02-26 04:31:26.000000,1.1254932880401611,dislike,2
56,57,1708921897323,https://th.bing.com/th/id/R.498589db9a3498c7ea59697b1a199c76?rik=HyKxZeH0PARdhg&riu=http%3a%2f%2fimages6.fanpop.com%2fimage%2fphotos%2f36600000%2fDisney-Princess-image-disney-princess-36601083-300-169.jpg&ehk=fvIt5U5Z1k3tW47il1XI%2fmDkt34M%2f28RUHwgrh7YV3g%3d&risl=&pid=ImgRaw&r=0,How is she feeling in the image?,"In the image, Ariel is feeling sad and worried.","In the image, Ariel is feeling sad and worried.",2024-02-26 04:31:40.000000,1.8090722560882568,like,2
57,58,1708921913580,https://th.bing.com/th/id/R.498589db9a3498c7ea59697b1a199c76?rik=HyKxZeH0PARdhg&riu=http%3a%2f%2fimages6.fanpop.com%2fimage%2fphotos%2f36600000%2fDisney-Princess-image-disney-princess-36601083-300-169.jpg&ehk=fvIt5U5Z1k3tW47il1XI%2fmDkt34M%2f28RUHwgrh7YV3g%3d&risl=&pid=ImgRaw&r=0,What could be the reason for that?,"In the image, Ariel from The Little Mermaid is standing in a dark forest with her hair flowing in the wind. She is wearing a red bikini top and blue pants. The reason for her being in the forest could be that she is exploring or searching for something. As an animated character, Ariel is known for her adventurous nature and love for exploration, so it is possible that she is on a mission to discover new things or find something of interest in the forest. This scene could also be part of a storyline or animation where Ariel is facing challenges or overcoming obstacles in her journey.","In the image, Ariel from The Little Mermaid is standing in a dark forest with her hair flowing in the wind. She is wearing a red bikini top and blue pants. The reason for her being in the forest could be that she is exploring or searching for something. As an animated character, Ariel is known for her adventurous nature and love for exploration, so it is possible that she is on a mission to discover new things or find something of interest in the forest. This scene could also be part of a storyline or animation where Ariel is facing challenges or overcoming obstacles in her journey.",2024-02-26 04:32:07.000000,12.650784730911257,dislike,2
58,59,1708921947127,https://th.bing.com/th/id/R.498589db9a3498c7ea59697b1a199c76?rik=HyKxZeH0PARdhg&riu=http%3a%2f%2fimages6.fanpop.com%2fimage%2fphotos%2f36600000%2fDisney-Princess-image-disney-princess-36601083-300-169.jpg&ehk=fvIt5U5Z1k3tW47il1XI%2fmDkt34M%2f28RUHwgrh7YV3g%3d&risl=&pid=ImgRaw&r=0,Does she has a lover?,no,no,2024-02-26 04:32:28.000000,0.9555752277374268,dislike,2
59,60,1708921969783,https://th.bing.com/th/id/R.498589db9a3498c7ea59697b1a199c76?rik=HyKxZeH0PARdhg&riu=http%3a%2f%2fimages6.fanpop.com%2fimage%2fphotos%2f36600000%2fDisney-Princess-image-disney-princess-36601083-300-169.jpg&ehk=fvIt5U5Z1k3tW47il1XI%2fmDkt34M%2f28RUHwgrh7YV3g%3d&risl=&pid=ImgRaw&r=0,Who does she fall in love with?,prince eric 2,prince eric 2,2024-02-26 04:32:51.000000,1.2237160205841064,dislike,2
60,61,1708922000199,https://th.bing.com/th/id/R.498589db9a3498c7ea59697b1a199c76?rik=HyKxZeH0PARdhg&riu=http%3a%2f%2fimages6.fanpop.com%2fimage%2fphotos%2f36600000%2fDisney-Princess-image-disney-princess-36601083-300-169.jpg&ehk=fvIt5U5Z1k3tW47il1XI%2fmDkt34M%2f28RUHwgrh7YV3g%3d&risl=&pid=ImgRaw&r=0,What happened to them?,"The Little Mermaid was released in 1989, so it is possible that the character depicted in the image is Ariel from The Little Mermaid (1989). However, it is also possible that the character depicted in the image is not Ariel from The Little Mermaid (1989), but another character from a different Disney film or television show.","The Little Mermaid was released in 1989, so it is possible that the character depicted in the image is Ariel from The Little Mermaid (1989). However, it is also possible that the character depicted in the image is not Ariel from The Little Mermaid (1989), but another character from a different Disney film or television show.",2024-02-26 04:33:28.000000,8.028806924819946,dislike,2
61,62,1708922115500,https://cdn.static-economist.com/sites/default/files/images/2015/09/blogs/economist-explains/code2.png,Describe this image.,"The image showcases a computer screen displaying a list of code snippets. The code appears to be written in Python, with several lines of code visible on the screen. The code is organized into multiple sections, each containing a few lines of code. Some of the code snippets are highlighted, indicating their importance or relevance to the overall program. There are also various comments throughout the code, which provide additional context and information about the program's functionality. The code appears to be well-structured and organized, making it easier to understand and work with.","The image showcases a computer screen displaying a list of code snippets. The code appears to be written in Python, with several lines of code visible on the screen. The code is organized into multiple sections, each containing a few lines of code. Some of the code snippets are highlighted, indicating their importance or relevance to the overall program. There are also various comments throughout the code, which provide additional context and information about the program's functionality. The code appears to be well-structured and organized, making it easier to understand and work with.",2024-02-26 04:35:26.000000,10.799514055252075,like,2
62,63,1708922179165,https://cdn.static-economist.com/sites/default/files/images/2015/09/blogs/economist-explains/code2.png,What does the code do?,"The code appears to be a set of instructions for a computer program, specifically for a web application. It is written in Python and contains various functions and methods for handling user input and displaying data on a web page. The code is designed to work with the Flask web framework, which is used to build web applications in Python.","The code appears to be a set of instructions for a computer program, specifically for a web application. It is written in Python and contains various functions and methods for handling user input and displaying data on a web page. The code is designed to work with the Flask web framework, which is used to build web applications in Python.",2024-02-26 04:36:25.000000,6.572345018386841,like,2
63,64,1708922211390,https://cdn.static-economist.com/sites/default/files/images/2015/09/blogs/economist-explains/code2.png,What do I have to learn to do this?,javascript,javascript,2024-02-26 04:36:52.000000,0.7881467342376709,dislike,2
64,65,1708922223023,https://cdn.static-economist.com/sites/default/files/images/2015/09/blogs/economist-explains/code2.png,Is it hard to be a coder?,no,no,2024-02-26 04:37:03.000000,0.7818121910095215,dislike,2
65,66,1708922235311,https://cdn.static-economist.com/sites/default/files/images/2015/09/blogs/economist-explains/code2.png,Can AI write this?,no,no,2024-02-26 04:37:16.000000,0.7690222263336182,dislike,2
66,67,1708922270897,https://cdn.static-economist.com/sites/default/files/images/2015/09/blogs/economist-explains/code2.png,Is it fun to write this?,no,no,2024-02-26 04:37:51.000000,0.7824912071228027,dislike,2
67,68,1708922291810,https://cdn.static-economist.com/sites/default/files/images/2015/09/blogs/economist-explains/code2.png,Why is it not fun?,It is not fun because it is a computer screen with code,It is not fun because it is a computer screen with code,2024-02-26 04:38:13.000000,1.80970311164856,dislike,2
68,69,1708922305236,https://cdn.static-economist.com/sites/default/files/images/2015/09/blogs/economist-explains/code2.png,What theme is it?,It is not possible to determine the theme of this screenshot as it only shows a computer screen displaying code and text. There is no visual context or information provided to suggest a theme or topic related to the content displayed on the screen.,It is not possible to determine the theme of this screenshot as it only shows a computer screen displaying code and text. There is no visual context or information provided to suggest a theme or topic related to the content displayed on the screen.,2024-02-26 04:38:30.000000,4.773698329925537,dislike,2
69,70,1708922365788,https://cdn.static-economist.com/sites/default/files/images/2015/09/blogs/economist-explains/code2.png,How many lines is this?,10,10,2024-02-26 04:39:26.000000,0.968031406402588,dislike,2
70,71,1708922388117,https://cdn.static-economist.com/sites/default/files/images/2015/09/blogs/economist-explains/code2.png,Which library do I need for this code?,twitter,twitter,2024-02-26 04:39:49.000000,0.8012974262237549,dislike,2
71,72,1708922406933,https://cdn.static-economist.com/sites/default/files/images/2015/09/blogs/economist-explains/code2.png,Does this code work?,yes,yes,2024-02-26 04:40:08.000000,0.7783219814300537,dislike,2
